ecosystem,locked_path,package,version,license_expression,scope,disposition,notes
python,requirements/runtime.lock,alembic,1.16.5,MIT,runtime,accepted,
python,requirements/runtime.lock,annotated-doc,0.0.5,MIT,runtime,accepted,
python,requirements/runtime.lock,annotated-types,0.8.0,MIT,runtime,accepted,
python,requirements/runtime.lock,anyio,4.14.2,MIT,runtime,accepted,
python,requirements/runtime.lock,argon2-cffi,25.1.0,MIT,runtime,accepted,
python,requirements/runtime.lock,argon2-cffi-bindings,25.1.0,MIT,runtime,accepted,
python,requirements/runtime.lock,attrs,26.1.0,MIT,runtime,accepted,
python,requirements/runtime.lock,certifi,2026.7.22,MPL-2.0,runtime,reviewed,File-level copyleft; preserve upstream license and notices.
python,requirements/runtime.lock,cffi,2.1.1,MIT-0,runtime,accepted,
python,requirements/ci.lock,charset-normalizer,3.4.9,MIT,documentation,accepted,
python,requirements/runtime.lock,click,8.4.2,BSD-3-Clause,runtime,accepted,
python,requirements/ci.lock,coverage,7.10.2,Apache-2.0,development,accepted,
python,requirements/ci.lock,cryptography,49.0.0,Apache-2.0 OR BSD-3-Clause,documentation,reviewed,Dual-license package; preserve wheel notices.
python,requirements/runtime.lock,fastapi,0.141.1,MIT,runtime,accepted,
python,requirements/runtime.lock,greenlet,3.5.5,MIT AND PSF-2.0,runtime,accepted,
python,requirements/runtime.lock,h11,0.16.0,MIT,runtime,accepted,
python,requirements/runtime.lock,httpcore,1.0.9,BSD-3-Clause,runtime,accepted,
python,requirements/runtime.lock,httptools,0.8.0,MIT,runtime,accepted,
python,requirements/runtime.lock,httpx,0.28.1,BSD-3-Clause,runtime,accepted,
python,requirements/runtime.lock,idna,3.18,BSD-3-Clause,runtime,accepted,
python,requirements/ci.lock,iniconfig,2.3.0,MIT,development,accepted,
python,requirements/runtime.lock,joblib,1.5.3,BSD-3-Clause,runtime,accepted,
python,requirements/runtime.lock,jsonschema,4.25.0,MIT,runtime,accepted,
python,requirements/runtime.lock,jsonschema-specifications,2025.9.1,MIT,runtime,accepted,
python,requirements/runtime.lock,Mako,1.4.1,MIT,runtime,accepted,
python,requirements/runtime.lock,MarkupSafe,3.0.3,BSD-3-Clause,runtime,accepted,
python,requirements/ci.lock,mypy,1.17.1,MIT,development,accepted,
python,requirements/ci.lock,mypy_extensions,1.1.0,MIT,development,accepted,
python,requirements/runtime.lock,narwhals,2.24.0,MIT,runtime,accepted,
python,requirements/runtime.lock,numpy,2.5.2,BSD-3-Clause AND 0BSD AND MIT AND Zlib AND CC0-1.0,runtime,reviewed,Composite upstream expression recorded from package metadata.
python,requirements/ci.lock,packaging,26.3,Apache-2.0 OR BSD-2-Clause,development,reviewed,Dual-license package; preserve upstream notices.
python,requirements/runtime.lock,paho-mqtt,2.1.0,EPL-2.0 OR BSD-3-Clause,runtime,reviewed,Dual-license expression; BSD-3-Clause option is compatible with distribution.
python,requirements/ci.lock,pathspec,1.1.1,MPL-2.0,development,reviewed,File-level copyleft; preserve upstream license and notices.
python,requirements/ci.lock,pdfminer.six,20251230,MIT,documentation,accepted,
python,requirements/ci.lock,pdfplumber,0.11.9,MIT,documentation,accepted,
python,requirements/ci.lock,pillow,12.2.0,MIT-CMU,documentation,accepted,
python,requirements/ci.lock,pluggy,1.6.0,MIT,development,accepted,
python,requirements/runtime.lock,psycopg,3.3.4,LGPL-3.0-only,runtime,reviewed,Dynamically imported library; preserve upstream license and relinking rights.
python,requirements/runtime.lock,psycopg-binary,3.3.4,LGPL-3.0-only,runtime,reviewed,Binary distribution may bundle third-party libraries; preserve wheel notices.
python,requirements/runtime.lock,psycopg-pool,3.3.1,LGPL-3.0-only,runtime,reviewed,Dynamically imported library; preserve upstream license and relinking rights.
python,requirements/runtime.lock,pycparser,3.0,BSD-3-Clause,runtime,accepted,
python,requirements/runtime.lock,pydantic,2.13.4,MIT,runtime,accepted,
python,requirements/runtime.lock,pydantic_core,2.46.4,MIT,runtime,accepted,
python,requirements/runtime.lock,pydantic-settings,2.10.1,MIT,runtime,accepted,
python,requirements/ci.lock,Pygments,2.20.0,BSD-2-Clause,development,accepted,
python,requirements/runtime.lock,PyJWT,2.10.1,MIT,runtime,accepted,
python,requirements/ci.lock,pypdf,6.10.0,BSD-3-Clause,documentation,accepted,
python,requirements/ci.lock,pypdfium2,5.12.1,BSD-3-Clause AND Apache-2.0 AND LicenseRef-PDFium-Dependencies,documentation,reviewed,Binary wheel includes PDFium and its recorded third-party dependency licenses.
python,requirements/ci.lock,pytest,8.4.1,MIT,development,accepted,
python,requirements/ci.lock,pytest-asyncio,1.1.0,Apache-2.0,development,accepted,
python,requirements/ci.lock,pytest-cov,6.2.1,MIT,development,accepted,
python,requirements/runtime.lock,python-dotenv,1.2.2,BSD-3-Clause,runtime,accepted,
python,requirements/runtime.lock,python-multipart,0.0.20,Apache-2.0,runtime,accepted,
python,requirements/runtime.lock,PyYAML,6.0.3,MIT,runtime,accepted,
python,requirements/runtime.lock,referencing,0.37.0,MIT,runtime,accepted,
python,requirements/ci.lock,reportlab,4.4.9,BSD-3-Clause,documentation,accepted,
python,requirements/runtime.lock,rpds-py,2026.6.3,MIT,runtime,accepted,
python,requirements/ci.lock,ruff,0.12.8,MIT,development,accepted,
python,requirements/runtime.lock,scikit-learn,1.9.0,BSD-3-Clause,runtime,accepted,
python,requirements/runtime.lock,scipy,1.18.0,BSD-3-Clause,runtime,accepted,
python,requirements/runtime.lock,SQLAlchemy,2.0.51,MIT,runtime,accepted,
python,requirements/runtime.lock,starlette,1.6.0,BSD-3-Clause,runtime,accepted,
python,requirements/runtime.lock,threadpoolctl,3.6.0,BSD-3-Clause,runtime,accepted,
python,requirements/runtime.lock,typing_extensions,4.16.0,PSF-2.0,runtime,accepted,
python,requirements/runtime.lock,typing-inspection,0.4.3,MIT,runtime,accepted,
python,requirements/runtime.lock,uvicorn,0.35.0,BSD-3-Clause,runtime,accepted,
python,requirements/runtime.lock,uvloop,0.22.1,MIT,runtime,accepted,
python,requirements/runtime.lock,watchfiles,1.2.0,MIT,runtime,accepted,
python,requirements/runtime.lock,websockets,17.0.1,BSD-3-Clause,runtime,accepted,
javascript,node_modules/@adobe/css-tools,@adobe/css-tools,4.5.0,MIT,development,accepted,License metadata recorded in npm lockfile.
javascript,node_modules/@asamuzakjp/css-color,@asamuzakjp/css-color,6.0.7,MIT,development,accepted,License metadata recorded in npm lockfile.
javascript,node_modules/@asamuzakjp/css-color/node_modules/lru-cache,lru-cache,11.5.2,BlueOak-1.0.0,development,accepted,License metadata recorded in npm lockfile.
javascript,node_modules/@asamuzakjp/dom-selector,@asamuzakjp/dom-selector,8.3.2,MIT,development,accepted,License metadata recorded in npm lockfile.
javascript,node_modules/@asamuzakjp/dom-selector/node_modules/lru-cache,lru-cache,11.5.2,BlueOak-1.0.0,development,accepted,License metadata recorded in npm lockfile.
javascript,node_modules/@babel/code-frame,@babel/code-frame,7.29.7,MIT,development,accepted,License metadata recorded in npm lockfile.
javascript,node_modules/@babel/compat-data,@babel/compat-data,7.29.7,MIT,development,accepted,License metadata recorded in npm lockfile.
javascript,node_modules/@babel/core,@babel/core,7.29.7,MIT,development,accepted,License metadata recorded in npm lockfile.
javascript,node_modules/@babel/generator,@babel/generator,7.29.8,MIT,development,accepted,License metadata recorded in npm lockfile.
javascript,node_modules/@babel/helper-compilation-targets,@babel/helper-compilation-targets,7.29.7,MIT,development,accepted,License metadata recorded in npm lockfile.
javascript,node_modules/@babel/helper-globals,@babel/helper-globals,7.29.7,MIT,development,accepted,License metadata recorded in npm lockfile.
javascript,node_modules/@babel/helper-module-imports,@babel/helper-module-imports,7.29.7,MIT,development,accepted,License metadata recorded in npm lockfile.
javascript,node_modules/@babel/helper-module-transforms,@babel/helper-module-transforms,7.29.7,MIT,development,accepted,License metadata recorded in npm lockfile.
javascript,node_modules/@babel/helper-string-parser,@babel/helper-string-parser,7.29.7,MIT,development,accepted,License metadata recorded in npm lockfile.
javascript,node_modules/@babel/helper-validator-identifier,@babel/helper-validator-identifier,7.29.7,MIT,development,accepted,License metadata recorded in npm lockfile.
javascript,node_modules/@babel/helper-validator-option,@babel/helper-validator-option,7.29.7,MIT,development,accepted,License metadata recorded in npm lockfile.
javascript,node_modules/@babel/helpers,@babel/helpers,7.29.7,MIT,development,accepted,License metadata recorded in npm lockfile.
javascript,node_modules/@babel/parser,@babel/parser,7.29.8,MIT,development,accepted,License metadata recorded in npm lockfile.
javascript,node_modules/@babel/runtime,@babel/runtime,7.29.7,MIT,development,accepted,License metadata recorded in npm lockfile.
javascript,node_modules/@babel/template,@babel/template,7.29.7,MIT,development,accepted,License metadata recorded in npm lockfile.
javascript,node_modules/@babel/traverse,@babel/traverse,7.29.8,MIT,development,accepted,License metadata recorded in npm lockfile.
javascript,node_modules/@babel/types,@babel/types,7.29.8,MIT,development,accepted,License metadata recorded in npm lockfile.
javascript,node_modules/@bramus/specificity,@bramus/specificity,2.4.2,MIT,development,accepted,License metadata recorded in npm lockfile.
javascript,node_modules/@csstools/color-helpers,@csstools/color-helpers,6.1.0,MIT-0,development,accepted,License metadata recorded in npm lockfile.
javascript,node_modules/@csstools/css-calc,@csstools/css-calc,3.3.0,MIT,development,accepted,License metadata recorded in npm lockfile.
javascript,node_modules/@csstools/css-color-parser,@csstools/css-color-parser,4.1.10,MIT,development,accepted,License metadata recorded in npm lockfile.
javascript,node_modules/@csstools/css-parser-algorithms,@csstools/css-parser-algorithms,4.0.0,MIT,development,accepted,License metadata recorded in npm lockfile.
javascript,node_modules/@csstools/css-syntax-patches-for-csstree,@csstools/css-syntax-patches-for-csstree,1.1.7,MIT-0,development,accepted,License metadata recorded in npm lockfile.
javascript,node_modules/@csstools/css-tokenizer,@csstools/css-tokenizer,4.0.0,MIT,development,accepted,License metadata recorded in npm lockfile.
javascript,node_modules/@emnapi/core,@emnapi/core,1.10.0,MIT,development+optional,accepted,License metadata recorded in npm lockfile.
javascript,node_modules/@emnapi/runtime,@emnapi/runtime,1.11.3,MIT,runtime+optional,accepted,License metadata recorded in npm lockfile.
javascript,node_modules/@emnapi/wasi-threads,@emnapi/wasi-threads,1.2.1,MIT,development+optional,accepted,License metadata recorded in npm lockfile.
javascript,node_modules/@eslint-community/eslint-utils,@eslint-community/eslint-utils,4.10.1,MIT,development,accepted,License metadata recorded in npm lockfile.
javascript,node_modules/@eslint-community/eslint-utils/node_modules/eslint-visitor-keys,eslint-visitor-keys,3.4.3,Apache-2.0,development,accepted,License metadata recorded in npm lockfile.
javascript,node_modules/@eslint-community/regexpp,@eslint-community/regexpp,4.12.2,MIT,development,accepted,License metadata recorded in npm lockfile.
javascript,node_modules/@eslint/config-array,@eslint/config-array,0.21.2,Apache-2.0,development,accepted,License metadata recorded in npm lockfile.
javascript,node_modules/@eslint/config-array/node_modules/balanced-match,balanced-match,1.0.2,MIT,development,accepted,License metadata recorded in npm lockfile.
javascript,node_modules/@eslint/config-array/node_modules/brace-expansion,brace-expansion,1.1.18,MIT,development,accepted,License metadata recorded in npm lockfile.
javascript,node_modules/@eslint/config-array/node_modules/minimatch,minimatch,3.1.5,ISC,development,accepted,License metadata recorded in npm lockfile.
javascript,node_modules/@eslint/config-helpers,@eslint/config-helpers,0.4.2,Apache-2.0,development,accepted,License metadata recorded in npm lockfile.
javascript,node_modules/@eslint/core,@eslint/core,0.17.0,Apache-2.0,development,accepted,License metadata recorded in npm lockfile.
javascript,node_modules/@eslint/eslintrc,@eslint/eslintrc,3.3.6,MIT,development,accepted,License metadata recorded in npm lockfile.
javascript,node_modules/@eslint/eslintrc/node_modules/balanced-match,balanced-match,1.0.2,MIT,development,accepted,License metadata recorded in npm lockfile.
javascript,node_modules/@eslint/eslintrc/node_modules/brace-expansion,brace-expansion,1.1.18,MIT,development,accepted,License metadata recorded in npm lockfile.
javascript,node_modules/@eslint/eslintrc/node_modules/globals,globals,14.0.0,MIT,development,accepted,License metadata recorded in npm lockfile.
javascript,node_modules/@eslint/eslintrc/node_modules/minimatch,minimatch,3.1.5,ISC,development,accepted,License metadata recorded in npm lockfile.
javascript,node_modules/@eslint/js,@eslint/js,9.39.5,MIT,development,accepted,License metadata recorded in npm lockfile.
javascript,node_modules/@eslint/object-schema,@eslint/object-schema,2.1.7,Apache-2.0,development,accepted,License metadata recorded in npm lockfile.
javascript,node_modules/@eslint/plugin-kit,@eslint/plugin-kit,0.4.1,Apache-2.0,development,accepted,License metadata recorded in npm lockfile.
javascript,node_modules/@exodus/bytes,@exodus/bytes,1.15.1,MIT,development,accepted,License metadata recorded in npm lockfile.
javascript,node_modules/@humanfs/core,@humanfs/core,0.19.2,Apache-2.0,development,accepted,License metadata recorded in npm lockfile.
javascript,node_modules/@humanfs/node,@humanfs/node,0.16.8,Apache-2.0,development,accepted,License metadata recorded in npm lockfile.
javascript,node_modules/@humanfs/types,@humanfs/types,0.15.0,Apache-2.0,development,accepted,License metadata recorded in npm lockfile.
javascript,node_modules/@humanwhocodes/module-importer,@humanwhocodes/module-importer,1.0.1,Apache-2.0,development,accepted,License metadata recorded in npm lockfile.
javascript,node_modules/@humanwhocodes/retry,@humanwhocodes/retry,0.4.3,Apache-2.0,development,accepted,License metadata recorded in npm lockfile.
javascript,node_modules/@img/colour,@img/colour,1.1.0,MIT,runtime+optional,accepted,License metadata recorded in npm lockfile.
javascript,node_modules/@img/sharp-darwin-arm64,@img/sharp-darwin-arm64,0.35.0,Apache-2.0,runtime+optional,accepted,License metadata recorded in npm lockfile.
javascript,node_modules/@img/sharp-darwin-x64,@img/sharp-darwin-x64,0.35.0,Apache-2.0,runtime+optional,accepted,License metadata recorded in npm lockfile.
javascript,node_modules/@img/sharp-freebsd-wasm32,@img/sharp-freebsd-wasm32,0.35.0,Apache-2.0,runtime+optional,accepted,License metadata recorded in npm lockfile.
javascript,node_modules/@img/sharp-libvips-darwin-arm64,@img/sharp-libvips-darwin-arm64,1.3.0,LGPL-3.0-or-later,runtime+optional,reviewed,License metadata recorded in npm lockfile.
javascript,node_modules/@img/sharp-libvips-darwin-x64,@img/sharp-libvips-darwin-x64,1.3.0,LGPL-3.0-or-later,runtime+optional,reviewed,License metadata recorded in npm lockfile.
javascript,node_modules/@img/sharp-libvips-linux-arm,@img/sharp-libvips-linux-arm,1.3.0,LGPL-3.0-or-later,runtime+optional,reviewed,License metadata recorded in npm lockfile.
javascript,node_modules/@img/sharp-libvips-linux-arm64,@img/sharp-libvips-linux-arm64,1.3.0,LGPL-3.0-or-later,runtime+optional,reviewed,License metadata recorded in npm lockfile.
javascript,node_modules/@img/sharp-libvips-linux-ppc64,@img/sharp-libvips-linux-ppc64,1.3.0,LGPL-3.0-or-later,runtime+optional,reviewed,License metadata recorded in npm lockfile.
javascript,node_modules/@img/sharp-libvips-linux-riscv64,@img/sharp-libvips-linux-riscv64,1.3.0,LGPL-3.0-or-later,runtime+optional,reviewed,License metadata recorded in npm lockfile.
javascript,node_modules/@img/sharp-libvips-linux-s390x,@img/sharp-libvips-linux-s390x,1.3.0,LGPL-3.0-or-later,runtime+optional,reviewed,License metadata recorded in npm lockfile.
javascript,node_modules/@img/sharp-libvips-linux-x64,@img/sharp-libvips-linux-x64,1.3.0,LGPL-3.0-or-later,runtime+optional,reviewed,License metadata recorded in npm lockfile.
javascript,node_modules/@img/sharp-libvips-linuxmusl-arm64,@img/sharp-libvips-linuxmusl-arm64,1.3.0,LGPL-3.0-or-later,runtime+optional,reviewed,License metadata recorded in npm lockfile.
javascript,node_modules/@img/sharp-libvips-linuxmusl-x64,@img/sharp-libvips-linuxmusl-x64,1.3.0,LGPL-3.0-or-later,runtime+optional,reviewed,License metadata recorded in npm lockfile.
javascript,node_modules/@img/sharp-linux-arm,@img/sharp-linux-arm,0.35.0,Apache-2.0,runtime+optional,accepted,License metadata recorded in npm lockfile.
javascript,node_modules/@img/sharp-linux-arm64,@img/sharp-linux-arm64,0.35.0,Apache-2.0,runtime+optional,accepted,License metadata recorded in npm lockfile.
javascript,node_modules/@img/sharp-linux-ppc64,@img/sharp-linux-ppc64,0.35.0,Apache-2.0,runtime+optional,accepted,License metadata recorded in npm lockfile.
javascript,node_modules/@img/sharp-linux-riscv64,@img/sharp-linux-riscv64,0.35.0,Apache-2.0,runtime+optional,accepted,License metadata recorded in npm lockfile.
javascript,node_modules/@img/sharp-linux-s390x,@img/sharp-linux-s390x,0.35.0,Apache-2.0,runtime+optional,accepted,License metadata recorded in npm lockfile.
javascript,node_modules/@img/sharp-linux-x64,@img/sharp-linux-x64,0.35.0,Apache-2.0,runtime+optional,accepted,License metadata recorded in npm lockfile.
javascript,node_modules/@img/sharp-linuxmusl-arm64,@img/sharp-linuxmusl-arm64,0.35.0,Apache-2.0,runtime+optional,accepted,License metadata recorded in npm lockfile.
javascript,node_modules/@img/sharp-linuxmusl-x64,@img/sharp-linuxmusl-x64,0.35.0,Apache-2.0,runtime+optional,accepted,License metadata recorded in npm lockfile.
javascript,node_modules/@img/sharp-wasm32,@img/sharp-wasm32,0.35.0,Apache-2.0 AND LGPL-3.0-or-later AND MIT,runtime+optional,reviewed,License metadata recorded in npm lockfile.
javascript,node_modules/@img/sharp-webcontainers-wasm32,@img/sharp-webcontainers-wasm32,0.35.0,Apache-2.0,runtime+optional,accepted,License metadata recorded in npm lockfile.
javascript,node_modules/@img/sharp-win32-arm64,@img/sharp-win32-arm64,0.35.0,Apache-2.0 AND LGPL-3.0-or-later,runtime+optional,reviewed,License metadata recorded in npm lockfile.
javascript,node_modules/@img/sharp-win32-ia32,@img/sharp-win32-ia32,0.35.0,Apache-2.0 AND LGPL-3.0-or-later,runtime+optional,reviewed,License metadata recorded in npm lockfile.
javascript,node_modules/@img/sharp-win32-x64,@img/sharp-win32-x64,0.35.0,Apache-2.0 AND LGPL-3.0-or-later,runtime+optional,reviewed,License metadata recorded in npm lockfile.
javascript,node_modules/@jridgewell/gen-mapping,@jridgewell/gen-mapping,0.3.13,MIT,development,accepted,License metadata recorded in npm lockfile.
javascript,node_modules/@jridgewell/remapping,@jridgewell/remapping,2.3.5,MIT,development,accepted,License metadata recorded in npm lockfile.
javascript,node_modules/@jridgewell/resolve-uri,@jridgewell/resolve-uri,3.1.2,MIT,development,accepted,License metadata recorded in npm lockfile.
javascript,node_modules/@jridgewell/sourcemap-codec,@jridgewell/sourcemap-codec,1.5.5,MIT,development,accepted,License metadata recorded in npm lockfile.
javascript,node_modules/@jridgewell/trace-mapping,@jridgewell/trace-mapping,0.3.31,MIT,development,accepted,License metadata recorded in npm lockfile.
javascript,node_modules/@napi-rs/wasm-runtime,@napi-rs/wasm-runtime,1.2.2,MIT,development+optional,accepted,License metadata recorded in npm lockfile.
javascript,node_modules/@next/env,@next/env,16.2.12,MIT,runtime,accepted,License metadata recorded in npm lockfile.
javascript,node_modules/@next/eslint-plugin-next,@next/eslint-plugin-next,16.2.12,MIT,development,accepted,License metadata recorded in npm lockfile.
javascript,node_modules/@next/swc-darwin-arm64,@next/swc-darwin-arm64,16.2.12,MIT,runtime+optional,accepted,License metadata recorded in npm lockfile.
javascript,node_modules/@next/swc-darwin-x64,@next/swc-darwin-x64,16.2.12,MIT,runtime+optional,accepted,License metadata recorded in npm lockfile.
javascript,node_modules/@next/swc-linux-arm64-gnu,@next/swc-linux-arm64-gnu,16.2.12,MIT,runtime+optional,accepted,License metadata recorded in npm lockfile.
javascript,node_modules/@next/swc-linux-arm64-musl,@next/swc-linux-arm64-musl,16.2.12,MIT,runtime+optional,accepted,License metadata recorded in npm lockfile.
javascript,node_modules/@next/swc-linux-x64-gnu,@next/swc-linux-x64-gnu,16.2.12,MIT,runtime+optional,accepted,License metadata recorded in npm lockfile.
javascript,node_modules/@next/swc-linux-x64-musl,@next/swc-linux-x64-musl,16.2.12,MIT,runtime+optional,accepted,License metadata recorded in npm lockfile.
javascript,node_modules/@next/swc-win32-arm64-msvc,@next/swc-win32-arm64-msvc,16.2.12,MIT,runtime+optional,accepted,License metadata recorded in npm lockfile.
javascript,node_modules/@next/swc-win32-x64-msvc,@next/swc-win32-x64-msvc,16.2.12,MIT,runtime+optional,accepted,License metadata recorded in npm lockfile.
javascript,node_modules/@nodelib/fs.scandir,@nodelib/fs.scandir,2.1.5,MIT,development,accepted,License metadata recorded in npm lockfile.
javascript,node_modules/@nodelib/fs.stat,@nodelib/fs.stat,2.0.5,MIT,development,accepted,License metadata recorded in npm lockfile.
javascript,node_modules/@nodelib/fs.walk,@nodelib/fs.walk,1.2.8,MIT,development,accepted,License metadata recorded in npm lockfile.
javascript,node_modules/@nolyfill/is-core-module,@nolyfill/is-core-module,1.0.39,MIT,development,accepted,License metadata recorded in npm lockfile.
javascript,node_modules/@oxc-project/types,@oxc-project/types,0.143.0,MIT,development,accepted,License metadata recorded in npm lockfile.
javascript,node_modules/@playwright/test,@playwright/test,1.62.1,Apache-2.0,runtime,accepted,License metadata recorded in npm lockfile.
javascript,node_modules/@rolldown/binding-android-arm64,@rolldown/binding-android-arm64,1.2.3,MIT,development+optional,accepted,License metadata recorded in npm lockfile.
javascript,node_modules/@rolldown/binding-darwin-arm64,@rolldown/binding-darwin-arm64,1.2.3,MIT,development+optional,accepted,License metadata recorded in npm lockfile.
javascript,node_modules/@rolldown/binding-darwin-x64,@rolldown/binding-darwin-x64,1.2.3,MIT,development+optional,accepted,License metadata recorded in npm lockfile.
javascript,node_modules/@rolldown/binding-freebsd-x64,@rolldown/binding-freebsd-x64,1.2.3,MIT,development+optional,accepted,License metadata recorded in npm lockfile.
javascript,node_modules/@rolldown/binding-linux-arm-gnueabihf,@rolldown/binding-linux-arm-gnueabihf,1.2.3,MIT,development+optional,accepted,License metadata recorded in npm lockfile.
javascript,node_modules/@rolldown/binding-linux-arm64-gnu,@rolldown/binding-linux-arm64-gnu,1.2.3,MIT,development+optional,accepted,License metadata recorded in npm lockfile.
javascript,node_modules/@rolldown/binding-linux-arm64-musl,@rolldown/binding-linux-arm64-musl,1.2.3,MIT,development+optional,accepted,License metadata recorded in npm lockfile.
javascript,node_modules/@rolldown/binding-linux-ppc64-gnu,@rolldown/binding-linux-ppc64-gnu,1.2.3,MIT,development+optional,accepted,License metadata recorded in npm lockfile.
javascript,node_modules/@rolldown/binding-linux-s390x-gnu,@rolldown/binding-linux-s390x-gnu,1.2.3,MIT,development+optional,accepted,License metadata recorded in npm lockfile.
javascript,node_modules/@rolldown/binding-linux-x64-gnu,@rolldown/binding-linux-x64-gnu,1.2.3,MIT,development+optional,accepted,License metadata recorded in npm lockfile.
javascript,node_modules/@rolldown/binding-linux-x64-musl,@rolldown/binding-linux-x64-musl,1.2.3,MIT,development+optional,accepted,License metadata recorded in npm lockfile.
javascript,node_modules/@rolldown/binding-openharmony-arm64,@rolldown/binding-openharmony-arm64,1.2.3,MIT,development+optional,accepted,License metadata recorded in npm lockfile.
javascript,node_modules/@rolldown/binding-win32-arm64-msvc,@rolldown/binding-win32-arm64-msvc,1.2.3,MIT,development+optional,accepted,License metadata recorded in npm lockfile.
javascript,node_modules/@rolldown/binding-win32-x64-msvc,@rolldown/binding-win32-x64-msvc,1.2.3,MIT,development+optional,accepted,License metadata recorded in npm lockfile.
javascript,node_modules/@rolldown/pluginutils,@rolldown/pluginutils,1.0.1,MIT,development,accepted,License metadata recorded in npm lockfile.
javascript,node_modules/@rtsao/scc,@rtsao/scc,1.1.0,MIT,development,accepted,License metadata recorded in npm lockfile.
javascript,node_modules/@standard-schema/spec,@standard-schema/spec,1.1.0,MIT,development,accepted,License metadata recorded in npm lockfile.
javascript,node_modules/@swc/helpers,@swc/helpers,0.5.15,Apache-2.0,runtime,accepted,License metadata recorded in npm lockfile.
javascript,node_modules/@testing-library/dom,@testing-library/dom,10.4.1,MIT,development,accepted,License metadata recorded in npm lockfile.
javascript,node_modules/@testing-library/jest-dom,@testing-library/jest-dom,7.0.1,MIT,development,accepted,License metadata recorded in npm lockfile.
javascript,node_modules/@testing-library/jest-dom/node_modules/dom-accessibility-api,dom-accessibility-api,0.6.3,MIT,development,accepted,License metadata recorded in npm lockfile.
javascript,node_modules/@testing-library/react,@testing-library/react,16.3.2,MIT,development,accepted,License metadata recorded in npm lockfile.
javascript,node_modules/@tybys/wasm-util,@tybys/wasm-util,0.10.3,MIT,development+optional,accepted,License metadata recorded in npm lockfile.
javascript,node_modules/@types/aria-query,@types/aria-query,5.0.4,MIT,development,accepted,License metadata recorded in npm lockfile.
javascript,node_modules/@types/chai,@types/chai,5.2.3,MIT,development,accepted,License metadata recorded in npm lockfile.
javascript,node_modules/@types/deep-eql,@types/deep-eql,4.0.2,MIT,development,accepted,License metadata recorded in npm lockfile.
javascript,node_modules/@types/estree,@types/estree,1.0.9,MIT,development,accepted,License metadata recorded in npm lockfile.
javascript,node_modules/@types/json-schema,@types/json-schema,7.0.15,MIT,development,accepted,License metadata recorded in npm lockfile.
javascript,node_modules/@types/json5,@types/json5,0.0.29,MIT,development,accepted,License metadata recorded in npm lockfile.
javascript,node_modules/@types/node,@types/node,26.2.0,MIT,development,accepted,License metadata recorded in npm lockfile.
javascript,node_modules/@types/react,@types/react,19.2.18,MIT,development,accepted,License metadata recorded in npm lockfile.
javascript,node_modules/@types/react-dom,@types/react-dom,19.2.4,MIT,development,accepted,License metadata recorded in npm lockfile.
javascript,node_modules/@typescript-eslint/eslint-plugin,@typescript-eslint/eslint-plugin,8.67.0,MIT,development,accepted,License metadata recorded in npm lockfile.
javascript,node_modules/@typescript-eslint/eslint-plugin/node_modules/ignore,ignore,7.0.6,MIT,development,accepted,License metadata recorded in npm lockfile.
javascript,node_modules/@typescript-eslint/parser,@typescript-eslint/parser,8.67.0,MIT,development,accepted,License metadata recorded in npm lockfile.
javascript,node_modules/@typescript-eslint/project-service,@typescript-eslint/project-service,8.67.0,MIT,development,accepted,License metadata recorded in npm lockfile.
javascript,node_modules/@typescript-eslint/scope-manager,@typescript-eslint/scope-manager,8.67.0,MIT,development,accepted,License metadata recorded in npm lockfile.
javascript,node_modules/@typescript-eslint/tsconfig-utils,@typescript-eslint/tsconfig-utils,8.67.0,MIT,development,accepted,License metadata recorded in npm lockfile.
javascript,node_modules/@typescript-eslint/type-utils,@typescript-eslint/type-utils,8.67.0,MIT,development,accepted,License metadata recorded in npm lockfile.
javascript,node_modules/@typescript-eslint/types,@typescript-eslint/types,8.67.0,MIT,development,accepted,License metadata recorded in npm lockfile.
javascript,node_modules/@typescript-eslint/typescript-estree,@typescript-eslint/typescript-estree,8.67.0,MIT,development,accepted,License metadata recorded in npm lockfile.
javascript,node_modules/@typescript-eslint/typescript-estree/node_modules/semver,semver,7.8.5,ISC,development,accepted,License metadata recorded in npm lockfile.
javascript,node_modules/@typescript-eslint/utils,@typescript-eslint/utils,8.67.0,MIT,development,accepted,License metadata recorded in npm lockfile.
javascript,node_modules/@typescript-eslint/visitor-keys,@typescript-eslint/visitor-keys,8.67.0,MIT,development,accepted,License metadata recorded in npm lockfile.
javascript,node_modules/@unrs/resolver-binding-android-arm-eabi,@unrs/resolver-binding-android-arm-eabi,1.12.2,MIT,development+optional,accepted,License metadata recorded in npm lockfile.
javascript,node_modules/@unrs/resolver-binding-android-arm64,@unrs/resolver-binding-android-arm64,1.12.2,MIT,development+optional,accepted,License metadata recorded in npm lockfile.
javascript,node_modules/@unrs/resolver-binding-darwin-arm64,@unrs/resolver-binding-darwin-arm64,1.12.2,MIT,development+optional,accepted,License metadata recorded in npm lockfile.
javascript,node_modules/@unrs/resolver-binding-darwin-x64,@unrs/resolver-binding-darwin-x64,1.12.2,MIT,development+optional,accepted,License metadata recorded in npm lockfile.
javascript,node_modules/@unrs/resolver-binding-freebsd-x64,@unrs/resolver-binding-freebsd-x64,1.12.2,MIT,development+optional,accepted,License metadata recorded in npm lockfile.
javascript,node_modules/@unrs/resolver-binding-linux-arm-gnueabihf,@unrs/resolver-binding-linux-arm-gnueabihf,1.12.2,MIT,development+optional,accepted,License metadata recorded in npm lockfile.
javascript,node_modules/@unrs/resolver-binding-linux-arm-musleabihf,@unrs/resolver-binding-linux-arm-musleabihf,1.12.2,MIT,development+optional,accepted,License metadata recorded in npm lockfile.
javascript,node_modules/@unrs/resolver-binding-linux-arm64-gnu,@unrs/resolver-binding-linux-arm64-gnu,1.12.2,MIT,development+optional,accepted,License metadata recorded in npm lockfile.
javascript,node_modules/@unrs/resolver-binding-linux-arm64-musl,@unrs/resolver-binding-linux-arm64-musl,1.12.2,MIT,development+optional,accepted,License metadata recorded in npm lockfile.
javascript,node_modules/@unrs/resolver-binding-linux-loong64-gnu,@unrs/resolver-binding-linux-loong64-gnu,1.12.2,MIT,development+optional,accepted,License metadata recorded in npm lockfile.
javascript,node_modules/@unrs/resolver-binding-linux-loong64-musl,@unrs/resolver-binding-linux-loong64-musl,1.12.2,MIT,development+optional,accepted,License metadata recorded in npm lockfile.
javascript,node_modules/@unrs/resolver-binding-linux-ppc64-gnu,@unrs/resolver-binding-linux-ppc64-gnu,1.12.2,MIT,development+optional,accepted,License metadata recorded in npm lockfile.
javascript,node_modules/@unrs/resolver-binding-linux-riscv64-gnu,@unrs/resolver-binding-linux-riscv64-gnu,1.12.2,MIT,development+optional,accepted,License metadata recorded in npm lockfile.
javascript,node_modules/@unrs/resolver-binding-linux-riscv64-musl,@unrs/resolver-binding-linux-riscv64-musl,1.12.2,MIT,development+optional,accepted,License metadata recorded in npm lockfile.
javascript,node_modules/@unrs/resolver-binding-linux-s390x-gnu,@unrs/resolver-binding-linux-s390x-gnu,1.12.2,MIT,development+optional,accepted,License metadata recorded in npm lockfile.
javascript,node_modules/@unrs/resolver-binding-linux-x64-gnu,@unrs/resolver-binding-linux-x64-gnu,1.12.2,MIT,development+optional,accepted,License metadata recorded in npm lockfile.
javascript,node_modules/@unrs/resolver-binding-linux-x64-musl,@unrs/resolver-binding-linux-x64-musl,1.12.2,MIT,development+optional,accepted,License metadata recorded in npm lockfile.
javascript,node_modules/@unrs/resolver-binding-openharmony-arm64,@unrs/resolver-binding-openharmony-arm64,1.12.2,MIT,development+optional,accepted,License metadata recorded in npm lockfile.
javascript,node_modules/@unrs/resolver-binding-wasm32-wasi,@unrs/resolver-binding-wasm32-wasi,1.12.2,MIT,development+optional,accepted,License metadata recorded in npm lockfile.
javascript,node_modules/@unrs/resolver-binding-wasm32-wasi/node_modules/@emnapi/runtime,@emnapi/runtime,1.10.0,MIT,development+optional,accepted,License metadata recorded in npm lockfile.
javascript,node_modules/@unrs/resolver-binding-win32-arm64-msvc,@unrs/resolver-binding-win32-arm64-msvc,1.12.2,MIT,development+optional,accepted,License metadata recorded in npm lockfile.
javascript,node_modules/@unrs/resolver-binding-win32-ia32-msvc,@unrs/resolver-binding-win32-ia32-msvc,1.12.2,MIT,development+optional,accepted,License metadata recorded in npm lockfile.
javascript,node_modules/@unrs/resolver-binding-win32-x64-msvc,@unrs/resolver-binding-win32-x64-msvc,1.12.2,MIT,development+optional,accepted,License metadata recorded in npm lockfile.
javascript,node_modules/@vitest/expect,@vitest/expect,4.1.10,MIT,development,accepted,License metadata recorded in npm lockfile.
javascript,node_modules/@vitest/mocker,@vitest/mocker,4.1.10,MIT,development,accepted,License metadata recorded in npm lockfile.
javascript,node_modules/@vitest/pretty-format,@vitest/pretty-format,4.1.10,MIT,development,accepted,License metadata recorded in npm lockfile.
javascript,node_modules/@vitest/runner,@vitest/runner,4.1.10,MIT,development,accepted,License metadata recorded in npm lockfile.
javascript,node_modules/@vitest/snapshot,@vitest/snapshot,4.1.10,MIT,development,accepted,License metadata recorded in npm lockfile.
javascript,node_modules/@vitest/spy,@vitest/spy,4.1.10,MIT,development,accepted,License metadata recorded in npm lockfile.
javascript,node_modules/@vitest/utils,@vitest/utils,4.1.10,MIT,development,accepted,License metadata recorded in npm lockfile.
javascript,node_modules/acorn,acorn,8.18.0,MIT,development,accepted,License metadata recorded in npm lockfile.
javascript,node_modules/acorn-jsx,acorn-jsx,5.3.2,MIT,development,accepted,License metadata recorded in npm lockfile.
javascript,node_modules/ajv,ajv,6.15.0,MIT,development,accepted,License metadata recorded in npm lockfile.
javascript,node_modules/ansi-regex,ansi-regex,5.0.1,MIT,development,accepted,License metadata recorded in npm lockfile.
javascript,node_modules/ansi-styles,ansi-styles,5.2.0,MIT,development,accepted,License metadata recorded in npm lockfile.
javascript,node_modules/argparse,argparse,2.0.1,Python-2.0,development,accepted,License metadata recorded in npm lockfile.
javascript,node_modules/aria-query,aria-query,5.3.0,Apache-2.0,development,accepted,License metadata recorded in npm lockfile.
javascript,node_modules/array-buffer-byte-length,array-buffer-byte-length,1.0.2,MIT,development,accepted,License metadata recorded in npm lockfile.
javascript,node_modules/array-includes,array-includes,3.1.9,MIT,development,accepted,License metadata recorded in npm lockfile.
javascript,node_modules/array.prototype.findlast,array.prototype.findlast,1.2.5,MIT,development,accepted,License metadata recorded in npm lockfile.
javascript,node_modules/array.prototype.findlastindex,array.prototype.findlastindex,1.2.6,MIT,development,accepted,License metadata recorded in npm lockfile.
javascript,node_modules/array.prototype.flat,array.prototype.flat,1.3.3,MIT,development,accepted,License metadata recorded in npm lockfile.
javascript,node_modules/array.prototype.flatmap,array.prototype.flatmap,1.3.3,MIT,development,accepted,License metadata recorded in npm lockfile.
javascript,node_modules/array.prototype.tosorted,array.prototype.tosorted,1.1.4,MIT,development,accepted,License metadata recorded in npm lockfile.
javascript,node_modules/arraybuffer.prototype.slice,arraybuffer.prototype.slice,1.0.4,MIT,development,accepted,License metadata recorded in npm lockfile.
javascript,node_modules/assertion-error,assertion-error,2.0.1,MIT,development,accepted,License metadata recorded in npm lockfile.
javascript,node_modules/ast-types-flow,ast-types-flow,0.0.8,MIT,development,accepted,License metadata recorded in npm lockfile.
javascript,node_modules/async-function,async-function,1.0.0,MIT,development,accepted,License metadata recorded in npm lockfile.
javascript,node_modules/available-typed-arrays,available-typed-arrays,1.0.7,MIT,development,accepted,License metadata recorded in npm lockfile.
javascript,node_modules/axe-core,axe-core,4.13.0,MPL-2.0,development,reviewed,License metadata recorded in npm lockfile.
javascript,node_modules/axobject-query,axobject-query,4.1.0,Apache-2.0,development,accepted,License metadata recorded in npm lockfile.
javascript,node_modules/balanced-match,balanced-match,4.0.4,MIT,development,accepted,License metadata recorded in npm lockfile.
javascript,node_modules/baseline-browser-mapping,baseline-browser-mapping,2.11.13,Apache-2.0,runtime,accepted,License metadata recorded in npm lockfile.
javascript,node_modules/bidi-js,bidi-js,1.0.3,MIT,development,accepted,License metadata recorded in npm lockfile.
javascript,node_modules/brace-expansion,brace-expansion,5.0.9,MIT,development,accepted,License metadata recorded in npm lockfile.
javascript,node_modules/braces,braces,3.0.3,MIT,development,accepted,License metadata recorded in npm lockfile.
javascript,node_modules/browserslist,browserslist,4.28.8,MIT,development,accepted,License metadata recorded in npm lockfile.
javascript,node_modules/call-bind,call-bind,1.0.9,MIT,development,accepted,License metadata recorded in npm lockfile.
javascript,node_modules/call-bind-apply-helpers,call-bind-apply-helpers,1.0.2,MIT,development,accepted,License metadata recorded in npm lockfile.
javascript,node_modules/call-bound,call-bound,1.0.4,MIT,development,accepted,License metadata recorded in npm lockfile.
javascript,node_modules/callsites,callsites,3.1.0,MIT,development,accepted,License metadata recorded in npm lockfile.
javascript,node_modules/caniuse-lite,caniuse-lite,1.0.30001809,CC-BY-4.0,runtime,accepted,License metadata recorded in npm lockfile.
javascript,node_modules/chai,chai,6.2.2,MIT,development,accepted,License metadata recorded in npm lockfile.
javascript,node_modules/chalk,chalk,4.1.2,MIT,development,accepted,License metadata recorded in npm lockfile.
javascript,node_modules/chalk/node_modules/ansi-styles,ansi-styles,4.3.0,MIT,development,accepted,License metadata recorded in npm lockfile.
javascript,node_modules/client-only,client-only,0.0.1,MIT,runtime,accepted,License metadata recorded in npm lockfile.
javascript,node_modules/color-convert,color-convert,2.0.1,MIT,development,accepted,License metadata recorded in npm lockfile.
javascript,node_modules/color-name,color-name,1.1.4,MIT,development,accepted,License metadata recorded in npm lockfile.
javascript,node_modules/concat-map,concat-map,0.0.1,MIT,development,accepted,License metadata recorded in npm lockfile.
javascript,node_modules/convert-source-map,convert-source-map,2.0.0,MIT,development,accepted,License metadata recorded in npm lockfile.
javascript,node_modules/cross-spawn,cross-spawn,7.0.6,MIT,development,accepted,License metadata recorded in npm lockfile.
javascript,node_modules/css-tree,css-tree,3.2.1,MIT,development,accepted,License metadata recorded in npm lockfile.
javascript,node_modules/css.escape,css.escape,1.5.1,MIT,development,accepted,License metadata recorded in npm lockfile.
javascript,node_modules/csstype,csstype,3.2.3,MIT,development,accepted,License metadata recorded in npm lockfile.
javascript,node_modules/damerau-levenshtein,damerau-levenshtein,1.0.8,BSD-2-Clause,development,accepted,License metadata recorded in npm lockfile.
javascript,node_modules/data-urls,data-urls,7.0.0,MIT,development,accepted,License metadata recorded in npm lockfile.
javascript,node_modules/data-urls/node_modules/whatwg-url,whatwg-url,16.0.1,MIT,development,accepted,License metadata recorded in npm lockfile.
javascript,node_modules/data-view-buffer,data-view-buffer,1.0.2,MIT,development,accepted,License metadata recorded in npm lockfile.
javascript,node_modules/data-view-byte-length,data-view-byte-length,1.0.2,MIT,development,accepted,License metadata recorded in npm lockfile.
javascript,node_modules/data-view-byte-offset,data-view-byte-offset,1.0.1,MIT,development,accepted,License metadata recorded in npm lockfile.
javascript,node_modules/debug,debug,4.4.3,MIT,development,accepted,License metadata recorded in npm lockfile.
javascript,node_modules/decimal.js,decimal.js,10.6.0,MIT,development,accepted,License metadata recorded in npm lockfile.
javascript,node_modules/deep-is,deep-is,0.1.4,MIT,development,accepted,License metadata recorded in npm lockfile.
javascript,node_modules/define-data-property,define-data-property,1.1.4,MIT,development,accepted,License metadata recorded in npm lockfile.
javascript,node_modules/define-properties,define-properties,1.2.1,MIT,development,accepted,License metadata recorded in npm lockfile.
javascript,node_modules/dequal,dequal,2.0.3,MIT,development,accepted,License metadata recorded in npm lockfile.
javascript,node_modules/detect-libc,detect-libc,2.1.2,Apache-2.0,runtime,accepted,License metadata recorded in npm lockfile.
javascript,node_modules/doctrine,doctrine,2.1.0,Apache-2.0,development,accepted,License metadata recorded in npm lockfile.
javascript,node_modules/dom-accessibility-api,dom-accessibility-api,0.5.16,MIT,development,accepted,License metadata recorded in npm lockfile.
javascript,node_modules/dunder-proto,dunder-proto,1.0.1,MIT,development,accepted,License metadata recorded in npm lockfile.
javascript,node_modules/electron-to-chromium,electron-to-chromium,1.5.404,ISC,development,accepted,License metadata recorded in npm lockfile.
javascript,node_modules/emoji-regex,emoji-regex,9.2.2,MIT,development,accepted,License metadata recorded in npm lockfile.
javascript,node_modules/entities,entities,8.0.0,BSD-2-Clause,development,accepted,License metadata recorded in npm lockfile.
javascript,node_modules/es-abstract,es-abstract,1.24.2,MIT,development,accepted,License metadata recorded in npm lockfile.
javascript,node_modules/es-abstract-get,es-abstract-get,1.0.0,MIT,development,accepted,License metadata recorded in npm lockfile.
javascript,node_modules/es-define-property,es-define-property,1.0.1,MIT,development,accepted,License metadata recorded in npm lockfile.
javascript,node_modules/es-errors,es-errors,1.3.0,MIT,development,accepted,License metadata recorded in npm lockfile.
javascript,node_modules/es-iterator-helpers,es-iterator-helpers,1.4.0,MIT,development,accepted,License metadata recorded in npm lockfile.
javascript,node_modules/es-module-lexer,es-module-lexer,2.3.1,MIT,development,accepted,License metadata recorded in npm lockfile.
javascript,node_modules/es-object-atoms,es-object-atoms,1.1.2,MIT,development,accepted,License metadata recorded in npm lockfile.
javascript,node_modules/es-set-tostringtag,es-set-tostringtag,2.1.0,MIT,development,accepted,License metadata recorded in npm lockfile.
javascript,node_modules/es-shim-unscopables,es-shim-unscopables,1.1.0,MIT,development,accepted,License metadata recorded in npm lockfile.
javascript,node_modules/es-to-primitive,es-to-primitive,1.3.4,MIT,development,accepted,License metadata recorded in npm lockfile.
javascript,node_modules/escalade,escalade,3.2.0,MIT,development,accepted,License metadata recorded in npm lockfile.
javascript,node_modules/escape-string-regexp,escape-string-regexp,4.0.0,MIT,development,accepted,License metadata recorded in npm lockfile.
javascript,node_modules/eslint,eslint,9.39.5,MIT,development,accepted,License metadata recorded in npm lockfile.
javascript,node_modules/eslint-config-next,eslint-config-next,16.2.12,MIT,development,accepted,License metadata recorded in npm lockfile.
javascript,node_modules/eslint-config-next/node_modules/aria-query,aria-query,5.3.2,Apache-2.0,development,accepted,License metadata recorded in npm lockfile.
javascript,node_modules/eslint-config-next/node_modules/balanced-match,balanced-match,1.0.2,MIT,development,accepted,License metadata recorded in npm lockfile.
javascript,node_modules/eslint-config-next/node_modules/brace-expansion,brace-expansion,1.1.18,MIT,development,accepted,License metadata recorded in npm lockfile.
javascript,node_modules/eslint-config-next/node_modules/eslint-import-resolver-typescript,eslint-import-resolver-typescript,3.10.1,ISC,development,accepted,License metadata recorded in npm lockfile.
javascript,node_modules/eslint-config-next/node_modules/eslint-plugin-import,eslint-plugin-import,2.32.0,MIT,development,accepted,License metadata recorded in npm lockfile.
javascript,node_modules/eslint-config-next/node_modules/eslint-plugin-import/node_modules/debug,debug,3.2.7,MIT,development,accepted,License metadata recorded in npm lockfile.
javascript,node_modules/eslint-config-next/node_modules/eslint-plugin-jsx-a11y,eslint-plugin-jsx-a11y,6.10.2,MIT,development,accepted,License metadata recorded in npm lockfile.
javascript,node_modules/eslint-config-next/node_modules/eslint-plugin-react,eslint-plugin-react,7.37.5,MIT,development,accepted,License metadata recorded in npm lockfile.
javascript,node_modules/eslint-config-next/node_modules/minimatch,minimatch,3.1.5,ISC,development,accepted,License metadata recorded in npm lockfile.
javascript,node_modules/eslint-import-resolver-node,eslint-import-resolver-node,0.3.10,MIT,development,accepted,License metadata recorded in npm lockfile.
javascript,node_modules/eslint-import-resolver-node/node_modules/debug,debug,3.2.7,MIT,development,accepted,License metadata recorded in npm lockfile.
javascript,node_modules/eslint-module-utils,eslint-module-utils,2.14.0,MIT,development,accepted,License metadata recorded in npm lockfile.
javascript,node_modules/eslint-module-utils/node_modules/debug,debug,3.2.7,MIT,development,accepted,License metadata recorded in npm lockfile.
javascript,node_modules/eslint-plugin-react-hooks,eslint-plugin-react-hooks,7.1.1,MIT,development,accepted,License metadata recorded in npm lockfile.
javascript,node_modules/eslint-scope,eslint-scope,8.4.0,BSD-2-Clause,development,accepted,License metadata recorded in npm lockfile.
javascript,node_modules/eslint-visitor-keys,eslint-visitor-keys,5.0.1,Apache-2.0,development,accepted,License metadata recorded in npm lockfile.
javascript,node_modules/eslint/node_modules/balanced-match,balanced-match,1.0.2,MIT,development,accepted,License metadata recorded in npm lockfile.
javascript,node_modules/eslint/node_modules/brace-expansion,brace-expansion,1.1.18,MIT,development,accepted,License metadata recorded in npm lockfile.
javascript,node_modules/eslint/node_modules/eslint-visitor-keys,eslint-visitor-keys,4.2.1,Apache-2.0,development,accepted,License metadata recorded in npm lockfile.
javascript,node_modules/eslint/node_modules/minimatch,minimatch,3.1.5,ISC,development,accepted,License metadata recorded in npm lockfile.
javascript,node_modules/espree,espree,10.4.0,BSD-2-Clause,development,accepted,License metadata recorded in npm lockfile.
javascript,node_modules/espree/node_modules/eslint-visitor-keys,eslint-visitor-keys,4.2.1,Apache-2.0,development,accepted,License metadata recorded in npm lockfile.
javascript,node_modules/esquery,esquery,1.7.0,BSD-3-Clause,development,accepted,License metadata recorded in npm lockfile.
javascript,node_modules/esrecurse,esrecurse,4.3.0,BSD-2-Clause,development,accepted,License metadata recorded in npm lockfile.
javascript,node_modules/estraverse,estraverse,5.3.0,BSD-2-Clause,development,accepted,License metadata recorded in npm lockfile.
javascript,node_modules/estree-walker,estree-walker,3.0.3,MIT,development,accepted,License metadata recorded in npm lockfile.
javascript,node_modules/esutils,esutils,2.0.3,BSD-2-Clause,development,accepted,License metadata recorded in npm lockfile.
javascript,node_modules/expect-type,expect-type,1.4.0,Apache-2.0,development,accepted,License metadata recorded in npm lockfile.
javascript,node_modules/fast-deep-equal,fast-deep-equal,3.1.3,MIT,development,accepted,License metadata recorded in npm lockfile.
javascript,node_modules/fast-glob,fast-glob,3.3.1,MIT,development,accepted,License metadata recorded in npm lockfile.
javascript,node_modules/fast-glob/node_modules/glob-parent,glob-parent,5.1.2,ISC,development,accepted,License metadata recorded in npm lockfile.
javascript,node_modules/fast-json-stable-stringify,fast-json-stable-stringify,2.1.0,MIT,development,accepted,License metadata recorded in npm lockfile.
javascript,node_modules/fast-levenshtein,fast-levenshtein,2.0.6,MIT,development,accepted,License metadata recorded in npm lockfile.
javascript,node_modules/fastq,fastq,1.20.1,ISC,development,accepted,License metadata recorded in npm lockfile.
javascript,node_modules/file-entry-cache,file-entry-cache,8.0.0,MIT,development,accepted,License metadata recorded in npm lockfile.
javascript,node_modules/fill-range,fill-range,7.1.1,MIT,development,accepted,License metadata recorded in npm lockfile.
javascript,node_modules/find-up,find-up,5.0.0,MIT,development,accepted,License metadata recorded in npm lockfile.
javascript,node_modules/flat-cache,flat-cache,4.0.1,MIT,development,accepted,License metadata recorded in npm lockfile.
javascript,node_modules/flatted,flatted,3.4.4,ISC,development,accepted,License metadata recorded in npm lockfile.
javascript,node_modules/for-each,for-each,0.3.5,MIT,development,accepted,License metadata recorded in npm lockfile.
javascript,node_modules/fsevents,fsevents,2.3.2,MIT,runtime+optional,accepted,License metadata recorded in npm lockfile.
javascript,node_modules/function-bind,function-bind,1.1.2,MIT,development,accepted,License metadata recorded in npm lockfile.
javascript,node_modules/function.prototype.name,function.prototype.name,1.2.0,MIT,development,accepted,License metadata recorded in npm lockfile.
javascript,node_modules/functions-have-names,functions-have-names,1.2.3,MIT,development,accepted,License metadata recorded in npm lockfile.
javascript,node_modules/generator-function,generator-function,2.0.1,MIT,development,accepted,License metadata recorded in npm lockfile.
javascript,node_modules/gensync,gensync,1.0.0-beta.2,MIT,development,accepted,License metadata recorded in npm lockfile.
javascript,node_modules/get-intrinsic,get-intrinsic,1.3.0,MIT,development,accepted,License metadata recorded in npm lockfile.
javascript,node_modules/get-proto,get-proto,1.0.1,MIT,development,accepted,License metadata recorded in npm lockfile.
javascript,node_modules/get-symbol-description,get-symbol-description,1.1.0,MIT,development,accepted,License metadata recorded in npm lockfile.
javascript,node_modules/get-tsconfig,get-tsconfig,4.14.1,MIT,development,accepted,License metadata recorded in npm lockfile.
javascript,node_modules/glob-parent,glob-parent,6.0.2,ISC,development,accepted,License metadata recorded in npm lockfile.
javascript,node_modules/globals,globals,16.4.0,MIT,development,accepted,License metadata recorded in npm lockfile.
javascript,node_modules/globalthis,globalthis,1.0.4,MIT,development,accepted,License metadata recorded in npm lockfile.
javascript,node_modules/gopd,gopd,1.2.0,MIT,development,accepted,License metadata recorded in npm lockfile.
javascript,node_modules/has-bigints,has-bigints,1.1.0,MIT,development,accepted,License metadata recorded in npm lockfile.
javascript,node_modules/has-flag,has-flag,4.0.0,MIT,development,accepted,License metadata recorded in npm lockfile.
javascript,node_modules/has-property-descriptors,has-property-descriptors,1.0.2,MIT,development,accepted,License metadata recorded in npm lockfile.
javascript,node_modules/has-proto,has-proto,1.2.0,MIT,development,accepted,License metadata recorded in npm lockfile.
javascript,node_modules/has-symbols,has-symbols,1.1.0,MIT,development,accepted,License metadata recorded in npm lockfile.
javascript,node_modules/has-tostringtag,has-tostringtag,1.0.2,MIT,development,accepted,License metadata recorded in npm lockfile.
javascript,node_modules/hasown,hasown,2.0.4,MIT,development,accepted,License metadata recorded in npm lockfile.
javascript,node_modules/hermes-estree,hermes-estree,0.25.1,MIT,development,accepted,License metadata recorded in npm lockfile.
javascript,node_modules/hermes-parser,hermes-parser,0.25.1,MIT,development,accepted,License metadata recorded in npm lockfile.
javascript,node_modules/html-encoding-sniffer,html-encoding-sniffer,6.0.0,MIT,development,accepted,License metadata recorded in npm lockfile.
javascript,node_modules/ignore,ignore,5.3.2,MIT,development,accepted,License metadata recorded in npm lockfile.
javascript,node_modules/import-fresh,import-fresh,3.3.1,MIT,development,accepted,License metadata recorded in npm lockfile.
javascript,node_modules/imurmurhash,imurmurhash,0.1.4,MIT,development,accepted,License metadata recorded in npm lockfile.
javascript,node_modules/indent-string,indent-string,4.0.0,MIT,development,accepted,License metadata recorded in npm lockfile.
javascript,node_modules/internal-slot,internal-slot,1.1.0,MIT,development,accepted,License metadata recorded in npm lockfile.
javascript,node_modules/is-array-buffer,is-array-buffer,3.0.5,MIT,development,accepted,License metadata recorded in npm lockfile.
javascript,node_modules/is-async-function,is-async-function,2.1.1,MIT,development,accepted,License metadata recorded in npm lockfile.
javascript,node_modules/is-bigint,is-bigint,1.1.0,MIT,development,accepted,License metadata recorded in npm lockfile.
javascript,node_modules/is-boolean-object,is-boolean-object,1.2.2,MIT,development,accepted,License metadata recorded in npm lockfile.
javascript,node_modules/is-bun-module,is-bun-module,2.0.0,MIT,development,accepted,License metadata recorded in npm lockfile.
javascript,node_modules/is-bun-module/node_modules/semver,semver,7.8.5,ISC,development,accepted,License metadata recorded in npm lockfile.
javascript,node_modules/is-callable,is-callable,1.2.7,MIT,development,accepted,License metadata recorded in npm lockfile.
javascript,node_modules/is-core-module,is-core-module,2.16.2,MIT,development,accepted,License metadata recorded in npm lockfile.
javascript,node_modules/is-data-view,is-data-view,1.0.2,MIT,development,accepted,License metadata recorded in npm lockfile.
javascript,node_modules/is-date-object,is-date-object,1.1.0,MIT,development,accepted,License metadata recorded in npm lockfile.
javascript,node_modules/is-document.all,is-document.all,1.0.0,MIT,development,accepted,License metadata recorded in npm lockfile.
javascript,node_modules/is-extglob,is-extglob,2.1.1,MIT,development,accepted,License metadata recorded in npm lockfile.
javascript,node_modules/is-finalizationregistry,is-finalizationregistry,1.1.1,MIT,development,accepted,License metadata recorded in npm lockfile.
javascript,node_modules/is-generator-function,is-generator-function,1.1.2,MIT,development,accepted,License metadata recorded in npm lockfile.
javascript,node_modules/is-glob,is-glob,4.0.3,MIT,development,accepted,License metadata recorded in npm lockfile.
javascript,node_modules/is-map,is-map,2.0.3,MIT,development,accepted,License metadata recorded in npm lockfile.
javascript,node_modules/is-negative-zero,is-negative-zero,2.0.3,MIT,development,accepted,License metadata recorded in npm lockfile.
javascript,node_modules/is-number,is-number,7.0.0,MIT,development,accepted,License metadata recorded in npm lockfile.
javascript,node_modules/is-number-object,is-number-object,1.1.1,MIT,development,accepted,License metadata recorded in npm lockfile.
javascript,node_modules/is-potential-custom-element-name,is-potential-custom-element-name,1.0.1,MIT,development,accepted,License metadata recorded in npm lockfile.
javascript,node_modules/is-regex,is-regex,1.2.1,MIT,development,accepted,License metadata recorded in npm lockfile.
javascript,node_modules/is-set,is-set,2.0.3,MIT,development,accepted,License metadata recorded in npm lockfile.
javascript,node_modules/is-shared-array-buffer,is-shared-array-buffer,1.0.4,MIT,development,accepted,License metadata recorded in npm lockfile.
javascript,node_modules/is-string,is-string,1.1.1,MIT,development,accepted,License metadata recorded in npm lockfile.
javascript,node_modules/is-symbol,is-symbol,1.1.1,MIT,development,accepted,License metadata recorded in npm lockfile.
javascript,node_modules/is-typed-array,is-typed-array,1.1.15,MIT,development,accepted,License metadata recorded in npm lockfile.
javascript,node_modules/is-weakmap,is-weakmap,2.0.2,MIT,development,accepted,License metadata recorded in npm lockfile.
javascript,node_modules/is-weakref,is-weakref,1.1.1,MIT,development,accepted,License metadata recorded in npm lockfile.
javascript,node_modules/is-weakset,is-weakset,2.0.4,MIT,development,accepted,License metadata recorded in npm lockfile.
javascript,node_modules/isarray,isarray,2.0.5,MIT,development,accepted,License metadata recorded in npm lockfile.
javascript,node_modules/isexe,isexe,2.0.0,ISC,development,accepted,License metadata recorded in npm lockfile.
javascript,node_modules/iterator.prototype,iterator.prototype,1.1.5,MIT,development,accepted,License metadata recorded in npm lockfile.
javascript,node_modules/js-tokens,js-tokens,4.0.0,MIT,development,accepted,License metadata recorded in npm lockfile.
javascript,node_modules/js-yaml,js-yaml,4.3.1,MIT,development,accepted,License metadata recorded in npm lockfile.
javascript,node_modules/jsdom,jsdom,30.0.1,MIT,development,accepted,License metadata recorded in npm lockfile.
javascript,node_modules/jsdom/node_modules/lru-cache,lru-cache,11.5.2,BlueOak-1.0.0,development,accepted,License metadata recorded in npm lockfile.
javascript,node_modules/jsesc,jsesc,3.1.0,MIT,development,accepted,License metadata recorded in npm lockfile.
javascript,node_modules/json-buffer,json-buffer,3.0.1,MIT,development,accepted,License metadata recorded in npm lockfile.
javascript,node_modules/json-schema-traverse,json-schema-traverse,0.4.1,MIT,development,accepted,License metadata recorded in npm lockfile.
javascript,node_modules/json-stable-stringify-without-jsonify,json-stable-stringify-without-jsonify,1.0.1,MIT,development,accepted,License metadata recorded in npm lockfile.
javascript,node_modules/json5,json5,2.2.3,MIT,development,accepted,License metadata recorded in npm lockfile.
javascript,node_modules/jsx-ast-utils,jsx-ast-utils,3.3.5,MIT,development,accepted,License metadata recorded in npm lockfile.
javascript,node_modules/keyv,keyv,4.5.4,MIT,development,accepted,License metadata recorded in npm lockfile.
javascript,node_modules/language-subtag-registry,language-subtag-registry,0.3.23,CC0-1.0,development,accepted,License metadata recorded in npm lockfile.
javascript,node_modules/language-tags,language-tags,1.0.9,MIT,development,accepted,License metadata recorded in npm lockfile.
javascript,node_modules/levn,levn,0.4.1,MIT,development,accepted,License metadata recorded in npm lockfile.
javascript,node_modules/lightningcss,lightningcss,1.33.0,MPL-2.0,development,reviewed,License metadata recorded in npm lockfile.
javascript,node_modules/lightningcss-android-arm64,lightningcss-android-arm64,1.33.0,MPL-2.0,development+optional,reviewed,License metadata recorded in npm lockfile.
javascript,node_modules/lightningcss-darwin-arm64,lightningcss-darwin-arm64,1.33.0,MPL-2.0,development+optional,reviewed,License metadata recorded in npm lockfile.
javascript,node_modules/lightningcss-darwin-x64,lightningcss-darwin-x64,1.33.0,MPL-2.0,development+optional,reviewed,License metadata recorded in npm lockfile.
javascript,node_modules/lightningcss-freebsd-x64,lightningcss-freebsd-x64,1.33.0,MPL-2.0,development+optional,reviewed,License metadata recorded in npm lockfile.
javascript,node_modules/lightningcss-linux-arm-gnueabihf,lightningcss-linux-arm-gnueabihf,1.33.0,MPL-2.0,development+optional,reviewed,License metadata recorded in npm lockfile.
javascript,node_modules/lightningcss-linux-arm64-gnu,lightningcss-linux-arm64-gnu,1.33.0,MPL-2.0,development+optional,reviewed,License metadata recorded in npm lockfile.
javascript,node_modules/lightningcss-linux-arm64-musl,lightningcss-linux-arm64-musl,1.33.0,MPL-2.0,development+optional,reviewed,License metadata recorded in npm lockfile.
javascript,node_modules/lightningcss-linux-x64-gnu,lightningcss-linux-x64-gnu,1.33.0,MPL-2.0,development+optional,reviewed,License metadata recorded in npm lockfile.
javascript,node_modules/lightningcss-linux-x64-musl,lightningcss-linux-x64-musl,1.33.0,MPL-2.0,development+optional,reviewed,License metadata recorded in npm lockfile.
javascript,node_modules/lightningcss-win32-arm64-msvc,lightningcss-win32-arm64-msvc,1.33.0,MPL-2.0,development+optional,reviewed,License metadata recorded in npm lockfile.
javascript,node_modules/lightningcss-win32-x64-msvc,lightningcss-win32-x64-msvc,1.33.0,MPL-2.0,development+optional,reviewed,License metadata recorded in npm lockfile.
javascript,node_modules/locate-path,locate-path,6.0.0,MIT,development,accepted,License metadata recorded in npm lockfile.
javascript,node_modules/lodash.merge,lodash.merge,4.6.2,MIT,development,accepted,License metadata recorded in npm lockfile.
javascript,node_modules/loose-envify,loose-envify,1.4.0,MIT,development,accepted,License metadata recorded in npm lockfile.
javascript,node_modules/lru-cache,lru-cache,5.1.1,ISC,development,accepted,License metadata recorded in npm lockfile.
javascript,node_modules/lz-string,lz-string,1.5.0,MIT,development,accepted,License metadata recorded in npm lockfile.
javascript,node_modules/magic-string,magic-string,0.30.21,MIT,development,accepted,License metadata recorded in npm lockfile.
javascript,node_modules/math-intrinsics,math-intrinsics,1.1.0,MIT,development,accepted,License metadata recorded in npm lockfile.
javascript,node_modules/mdn-data,mdn-data,2.27.1,CC0-1.0,development,accepted,License metadata recorded in npm lockfile.
javascript,node_modules/merge2,merge2,1.4.1,MIT,development,accepted,License metadata recorded in npm lockfile.
javascript,node_modules/micromatch,micromatch,4.0.8,MIT,development,accepted,License metadata recorded in npm lockfile.
javascript,node_modules/min-indent,min-indent,1.0.1,MIT,development,accepted,License metadata recorded in npm lockfile.
javascript,node_modules/minimatch,minimatch,10.2.6,BlueOak-1.0.0,development,accepted,License metadata recorded in npm lockfile.
javascript,node_modules/minimist,minimist,1.2.8,MIT,development,accepted,License metadata recorded in npm lockfile.
javascript,node_modules/ms,ms,2.1.3,MIT,development,accepted,License metadata recorded in npm lockfile.
javascript,node_modules/nanoid,nanoid,3.3.18,MIT,runtime,accepted,License metadata recorded in npm lockfile.
javascript,node_modules/napi-postinstall,napi-postinstall,0.3.4,MIT,development,accepted,License metadata recorded in npm lockfile.
javascript,node_modules/natural-compare,natural-compare,1.4.0,MIT,development,accepted,License metadata recorded in npm lockfile.
javascript,node_modules/next,next,16.2.12,MIT,runtime,accepted,License metadata recorded in npm lockfile.
javascript,node_modules/node-exports-info,node-exports-info,1.6.2,MIT,development,accepted,License metadata recorded in npm lockfile.
javascript,node_modules/node-releases,node-releases,2.0.53,MIT,development,accepted,License metadata recorded in npm lockfile.
javascript,node_modules/object-assign,object-assign,4.1.1,MIT,development,accepted,License metadata recorded in npm lockfile.
javascript,node_modules/object-inspect,object-inspect,1.13.4,MIT,development,accepted,License metadata recorded in npm lockfile.
javascript,node_modules/object-keys,object-keys,1.1.1,MIT,development,accepted,License metadata recorded in npm lockfile.
javascript,node_modules/object.assign,object.assign,4.1.7,MIT,development,accepted,License metadata recorded in npm lockfile.
javascript,node_modules/object.entries,object.entries,1.1.9,MIT,development,accepted,License metadata recorded in npm lockfile.
javascript,node_modules/object.fromentries,object.fromentries,2.0.8,MIT,development,accepted,License metadata recorded in npm lockfile.
javascript,node_modules/object.groupby,object.groupby,1.0.3,MIT,development,accepted,License metadata recorded in npm lockfile.
javascript,node_modules/object.values,object.values,1.2.1,MIT,development,accepted,License metadata recorded in npm lockfile.
javascript,node_modules/obug,obug,2.1.4,MIT,development,accepted,License metadata recorded in npm lockfile.
javascript,node_modules/optionator,optionator,0.9.4,MIT,development,accepted,License metadata recorded in npm lockfile.
javascript,node_modules/own-keys,own-keys,1.0.2,MIT,development,accepted,License metadata recorded in npm lockfile.
javascript,node_modules/p-limit,p-limit,3.1.0,MIT,development,accepted,License metadata recorded in npm lockfile.
javascript,node_modules/p-locate,p-locate,5.0.0,MIT,development,accepted,License metadata recorded in npm lockfile.
javascript,node_modules/parent-module,parent-module,1.0.1,MIT,development,accepted,License metadata recorded in npm lockfile.
javascript,node_modules/parse5,parse5,8.0.1,MIT,development,accepted,License metadata recorded in npm lockfile.
javascript,node_modules/path-exists,path-exists,4.0.0,MIT,development,accepted,License metadata recorded in npm lockfile.
javascript,node_modules/path-key,path-key,3.1.1,MIT,development,accepted,License metadata recorded in npm lockfile.
javascript,node_modules/path-parse,path-parse,1.0.7,MIT,development,accepted,License metadata recorded in npm lockfile.
javascript,node_modules/pathe,pathe,2.0.3,MIT,development,accepted,License metadata recorded in npm lockfile.
javascript,node_modules/picocolors,picocolors,1.1.1,ISC,runtime,accepted,License metadata recorded in npm lockfile.
javascript,node_modules/picomatch,picomatch,2.3.2,MIT,development,accepted,License metadata recorded in npm lockfile.
javascript,node_modules/playwright,playwright,1.62.1,Apache-2.0,runtime,accepted,License metadata recorded in npm lockfile.
javascript,node_modules/playwright-core,playwright-core,1.62.1,Apache-2.0,runtime,accepted,License metadata recorded in npm lockfile.
javascript,node_modules/possible-typed-array-names,possible-typed-array-names,1.1.0,MIT,development,accepted,License metadata recorded in npm lockfile.
javascript,node_modules/postcss,postcss,8.5.24,MIT,runtime,accepted,License metadata recorded in npm lockfile.
javascript,node_modules/prelude-ls,prelude-ls,1.2.1,MIT,development,accepted,License metadata recorded in npm lockfile.
javascript,node_modules/pretty-format,pretty-format,27.5.1,MIT,development,accepted,License metadata recorded in npm lockfile.
javascript,node_modules/prop-types,prop-types,15.8.1,MIT,development,accepted,License metadata recorded in npm lockfile.
javascript,node_modules/prop-types/node_modules/react-is,react-is,16.13.1,MIT,development,accepted,License metadata recorded in npm lockfile.
javascript,node_modules/punycode,punycode,2.3.1,MIT,development,accepted,License metadata recorded in npm lockfile.
javascript,node_modules/queue-microtask,queue-microtask,1.2.3,MIT,development,accepted,License metadata recorded in npm lockfile.
javascript,node_modules/react,react,19.2.8,MIT,runtime,accepted,License metadata recorded in npm lockfile.
javascript,node_modules/react-dom,react-dom,19.2.8,MIT,runtime,accepted,License metadata recorded in npm lockfile.
javascript,node_modules/react-is,react-is,17.0.2,MIT,development,accepted,License metadata recorded in npm lockfile.
javascript,node_modules/redent,redent,3.0.0,MIT,development,accepted,License metadata recorded in npm lockfile.
javascript,node_modules/reflect.getprototypeof,reflect.getprototypeof,1.0.10,MIT,development,accepted,License metadata recorded in npm lockfile.
javascript,node_modules/regexp.prototype.flags,regexp.prototype.flags,1.5.4,MIT,development,accepted,License metadata recorded in npm lockfile.
javascript,node_modules/require-from-string,require-from-string,2.0.2,MIT,development,accepted,License metadata recorded in npm lockfile.
javascript,node_modules/resolve,resolve,2.0.0-next.7,MIT,development,accepted,License metadata recorded in npm lockfile.
javascript,node_modules/resolve-from,resolve-from,4.0.0,MIT,development,accepted,License metadata recorded in npm lockfile.
javascript,node_modules/resolve-pkg-maps,resolve-pkg-maps,1.0.0,MIT,development,accepted,License metadata recorded in npm lockfile.
javascript,node_modules/reusify,reusify,1.1.0,MIT,development,accepted,License metadata recorded in npm lockfile.
javascript,node_modules/rolldown,rolldown,1.2.3,MIT,development,accepted,License metadata recorded in npm lockfile.
javascript,node_modules/run-parallel,run-parallel,1.2.0,MIT,development,accepted,License metadata recorded in npm lockfile.
javascript,node_modules/safe-array-concat,safe-array-concat,1.1.4,MIT,development,accepted,License metadata recorded in npm lockfile.
javascript,node_modules/safe-push-apply,safe-push-apply,1.0.0,MIT,development,accepted,License metadata recorded in npm lockfile.
javascript,node_modules/safe-regex-test,safe-regex-test,1.1.0,MIT,development,accepted,License metadata recorded in npm lockfile.
javascript,node_modules/saxes,saxes,6.0.0,ISC,development,accepted,License metadata recorded in npm lockfile.
javascript,node_modules/scheduler,scheduler,0.27.0,MIT,runtime,accepted,License metadata recorded in npm lockfile.
javascript,node_modules/semver,semver,6.3.1,ISC,development,accepted,License metadata recorded in npm lockfile.
javascript,node_modules/set-function-length,set-function-length,1.2.2,MIT,development,accepted,License metadata recorded in npm lockfile.
javascript,node_modules/set-function-name,set-function-name,2.0.2,MIT,development,accepted,License metadata recorded in npm lockfile.
javascript,node_modules/set-proto,set-proto,1.0.0,MIT,development,accepted,License metadata recorded in npm lockfile.
javascript,node_modules/sharp,sharp,0.35.0,Apache-2.0,runtime+optional,accepted,License metadata recorded in npm lockfile.
javascript,node_modules/sharp/node_modules/semver,semver,7.8.5,ISC,runtime+optional,accepted,License metadata recorded in npm lockfile.
javascript,node_modules/shebang-command,shebang-command,2.0.0,MIT,development,accepted,License metadata recorded in npm lockfile.
javascript,node_modules/shebang-regex,shebang-regex,3.0.0,MIT,development,accepted,License metadata recorded in npm lockfile.
javascript,node_modules/side-channel,side-channel,1.1.1,MIT,development,accepted,License metadata recorded in npm lockfile.
javascript,node_modules/side-channel-list,side-channel-list,1.0.1,MIT,development,accepted,License metadata recorded in npm lockfile.
javascript,node_modules/side-channel-map,side-channel-map,1.0.1,MIT,development,accepted,License metadata recorded in npm lockfile.
javascript,node_modules/side-channel-weakmap,side-channel-weakmap,1.0.2,MIT,development,accepted,License metadata recorded in npm lockfile.
javascript,node_modules/siginfo,siginfo,2.0.0,ISC,development,accepted,License metadata recorded in npm lockfile.
javascript,node_modules/source-map-js,source-map-js,1.2.1,BSD-3-Clause,runtime,accepted,License metadata recorded in npm lockfile.
javascript,node_modules/stable-hash,stable-hash,0.0.5,MIT,development,accepted,License metadata recorded in npm lockfile.
javascript,node_modules/stackback,stackback,0.0.2,MIT,development,accepted,License metadata recorded in npm lockfile.
javascript,node_modules/std-env,std-env,4.2.0,MIT,development,accepted,License metadata recorded in npm lockfile.
javascript,node_modules/stop-iteration-iterator,stop-iteration-iterator,1.1.0,MIT,development,accepted,License metadata recorded in npm lockfile.
javascript,node_modules/string.prototype.includes,string.prototype.includes,2.0.1,MIT,development,accepted,License metadata recorded in npm lockfile.
javascript,node_modules/string.prototype.matchall,string.prototype.matchall,4.0.12,MIT,development,accepted,License metadata recorded in npm lockfile.
javascript,node_modules/string.prototype.repeat,string.prototype.repeat,1.0.0,MIT,development,accepted,License metadata recorded in npm lockfile.
javascript,node_modules/string.prototype.trim,string.prototype.trim,1.2.11,MIT,development,accepted,License metadata recorded in npm lockfile.
javascript,node_modules/string.prototype.trimend,string.prototype.trimend,1.0.10,MIT,development,accepted,License metadata recorded in npm lockfile.
javascript,node_modules/string.prototype.trimstart,string.prototype.trimstart,1.0.8,MIT,development,accepted,License metadata recorded in npm lockfile.
javascript,node_modules/strip-bom,strip-bom,3.0.0,MIT,development,accepted,License metadata recorded in npm lockfile.
javascript,node_modules/strip-indent,strip-indent,3.0.0,MIT,development,accepted,License metadata recorded in npm lockfile.
javascript,node_modules/strip-json-comments,strip-json-comments,3.1.1,MIT,development,accepted,License metadata recorded in npm lockfile.
javascript,node_modules/styled-jsx,styled-jsx,5.1.6,MIT,runtime,accepted,License metadata recorded in npm lockfile.
javascript,node_modules/supports-color,supports-color,7.2.0,MIT,development,accepted,License metadata recorded in npm lockfile.
javascript,node_modules/supports-preserve-symlinks-flag,supports-preserve-symlinks-flag,1.0.0,MIT,development,accepted,License metadata recorded in npm lockfile.
javascript,node_modules/symbol-tree,symbol-tree,3.2.4,MIT,development,accepted,License metadata recorded in npm lockfile.
javascript,node_modules/tinybench,tinybench,2.9.0,MIT,development,accepted,License metadata recorded in npm lockfile.
javascript,node_modules/tinyexec,tinyexec,1.3.0,MIT,development,accepted,License metadata recorded in npm lockfile.
javascript,node_modules/tinyglobby,tinyglobby,0.2.17,MIT,development,accepted,License metadata recorded in npm lockfile.
javascript,node_modules/tinyglobby/node_modules/fdir,fdir,6.5.0,MIT,development,accepted,License metadata recorded in npm lockfile.
javascript,node_modules/tinyglobby/node_modules/picomatch,picomatch,4.0.5,MIT,development,accepted,License metadata recorded in npm lockfile.
javascript,node_modules/tinyrainbow,tinyrainbow,3.1.1,MIT,development,accepted,License metadata recorded in npm lockfile.
javascript,node_modules/tldts,tldts,7.4.10,MIT,development,accepted,License metadata recorded in npm lockfile.
javascript,node_modules/tldts-core,tldts-core,7.4.10,MIT,development,accepted,License metadata recorded in npm lockfile.
javascript,node_modules/to-regex-range,to-regex-range,5.0.1,MIT,development,accepted,License metadata recorded in npm lockfile.
javascript,node_modules/tough-cookie,tough-cookie,6.0.2,BSD-3-Clause,development,accepted,License metadata recorded in npm lockfile.
javascript,node_modules/tr46,tr46,6.0.0,MIT,development,accepted,License metadata recorded in npm lockfile.
javascript,node_modules/ts-api-utils,ts-api-utils,2.5.0,MIT,development,accepted,License metadata recorded in npm lockfile.
javascript,node_modules/tsconfig-paths,tsconfig-paths,3.15.0,MIT,development,accepted,License metadata recorded in npm lockfile.
javascript,node_modules/tsconfig-paths/node_modules/json5,json5,1.0.2,MIT,development,accepted,License metadata recorded in npm lockfile.
javascript,node_modules/tslib,tslib,2.8.1,0BSD,runtime,accepted,License metadata recorded in npm lockfile.
javascript,node_modules/type-check,type-check,0.4.0,MIT,development,accepted,License metadata recorded in npm lockfile.
javascript,node_modules/typed-array-buffer,typed-array-buffer,1.0.3,MIT,development,accepted,License metadata recorded in npm lockfile.
javascript,node_modules/typed-array-byte-length,typed-array-byte-length,1.0.3,MIT,development,accepted,License metadata recorded in npm lockfile.
javascript,node_modules/typed-array-byte-offset,typed-array-byte-offset,1.0.4,MIT,development,accepted,License metadata recorded in npm lockfile.
javascript,node_modules/typed-array-length,typed-array-length,1.0.8,MIT,development,accepted,License metadata recorded in npm lockfile.
javascript,node_modules/typescript,typescript,5.9.3,Apache-2.0,development,accepted,License metadata recorded in npm lockfile.
javascript,node_modules/typescript-eslint,typescript-eslint,8.67.0,MIT,development,accepted,License metadata recorded in npm lockfile.
javascript,node_modules/unbox-primitive,unbox-primitive,1.1.0,MIT,development,accepted,License metadata recorded in npm lockfile.
javascript,node_modules/undici,undici,8.10.0,MIT,development,accepted,License metadata recorded in npm lockfile.
javascript,node_modules/undici-types,undici-types,8.3.0,MIT,development,accepted,License metadata recorded in npm lockfile.
javascript,node_modules/unrs-resolver,unrs-resolver,1.12.2,MIT,development,accepted,License metadata recorded in npm lockfile.
javascript,node_modules/update-browserslist-db,update-browserslist-db,1.3.1,MIT,development,accepted,License metadata recorded in npm lockfile.
javascript,node_modules/uri-js,uri-js,4.4.1,BSD-2-Clause,development,accepted,License metadata recorded in npm lockfile.
javascript,node_modules/vite,vite,8.2.1,MIT,development,accepted,License metadata recorded in npm lockfile.
javascript,node_modules/vite/node_modules/fsevents,fsevents,2.3.3,MIT,development+optional,accepted,License metadata recorded in npm lockfile.
javascript,node_modules/vite/node_modules/picomatch,picomatch,4.0.5,MIT,development,accepted,License metadata recorded in npm lockfile.
javascript,node_modules/vite/node_modules/postcss,postcss,8.5.26,MIT,development,accepted,License metadata recorded in npm lockfile.
javascript,node_modules/vitest,vitest,4.1.10,MIT,development,accepted,License metadata recorded in npm lockfile.
javascript,node_modules/vitest/node_modules/picomatch,picomatch,4.0.5,MIT,development,accepted,License metadata recorded in npm lockfile.
javascript,node_modules/w3c-xmlserializer,w3c-xmlserializer,5.0.0,MIT,development,accepted,License metadata recorded in npm lockfile.
javascript,node_modules/webidl-conversions,webidl-conversions,8.0.1,BSD-2-Clause,development,accepted,License metadata recorded in npm lockfile.
javascript,node_modules/whatwg-mimetype,whatwg-mimetype,5.0.0,MIT,development,accepted,License metadata recorded in npm lockfile.
javascript,node_modules/whatwg-url,whatwg-url,17.1.0,MIT,development,accepted,License metadata recorded in npm lockfile.
javascript,node_modules/which,which,2.0.2,ISC,development,accepted,License metadata recorded in npm lockfile.
javascript,node_modules/which-boxed-primitive,which-boxed-primitive,1.1.1,MIT,development,accepted,License metadata recorded in npm lockfile.
javascript,node_modules/which-builtin-type,which-builtin-type,1.2.1,MIT,development,accepted,License metadata recorded in npm lockfile.
javascript,node_modules/which-collection,which-collection,1.0.2,MIT,development,accepted,License metadata recorded in npm lockfile.
javascript,node_modules/which-typed-array,which-typed-array,1.1.22,MIT,development,accepted,License metadata recorded in npm lockfile.
javascript,node_modules/why-is-node-running,why-is-node-running,2.3.0,MIT,development,accepted,License metadata recorded in npm lockfile.
javascript,node_modules/word-wrap,word-wrap,1.2.5,MIT,development,accepted,License metadata recorded in npm lockfile.
javascript,node_modules/xml-name-validator,xml-name-validator,5.0.0,Apache-2.0,development,accepted,License metadata recorded in npm lockfile.
javascript,node_modules/xmlchars,xmlchars,2.2.0,MIT,development,accepted,License metadata recorded in npm lockfile.
javascript,node_modules/yallist,yallist,3.1.1,ISC,development,accepted,License metadata recorded in npm lockfile.
javascript,node_modules/yocto-queue,yocto-queue,0.1.0,MIT,development,accepted,License metadata recorded in npm lockfile.
javascript,node_modules/zod,zod,4.4.3,MIT,development,accepted,License metadata recorded in npm lockfile.
javascript,node_modules/zod-validation-error,zod-validation-error,4.0.2,MIT,development,accepted,License metadata recorded in npm lockfile.
